 "field";"name";"comment"  
   0 ;var0; undefined
   1 ;   p RMS fg-a ; pressure RMS-error first guess - analysis         Pa
   2 ;   p RMS ia-a ; pressure RMS-error initialised analysis - analysis     Pa
   3 ;   u RMS fg-a ; u RMS-error first guess - analysis             m/s
   4 ;   u RMS ia-a ; u RMS-error initialised analysis - analysis        m/s
   5 ;   v RMS fg-a ; v RMS-error first guess - analysis             m/s
   6 ;   v RMS ia-a ; v RMS-error initialised analysis - analysis        m/s
   7 ;   fi E fg-a  ; geopotential RMS-error first guess - analysis       (m**2)/(s**2)
   8 ;   fi E ia-a  ; geopotential RMS-error init. analysis - analysis      (m**2)/(s**2)
   9 ;   rh E fg-a  ; relative humidity RMS-error first guess - analysis     %
  10 ;   rh E ia-a  ; rel. hum. RMS-error init. analysis - analysis       %
  11 ;   t RMS fg-a ; temperature RMS-error first guess - analysis        K
  12 ;   t RMS ia-a ; temperature RMS-error init. analysis - analysis      K
  13 ;   om E fg-a  ; omega RMS-error first guess - analysis           m/s
  14 ;   om E ia-a  ; omega RMS-error initialised analysis - analysis      m/s
  15 ;   E fg-a KE  ; kinetic energy RMS-error first guess - analysis      (m**2)/(s**2)
  16 ;   E ig-a KE  ; kinetic energy RMS-error init. analysis          (m**2)/(s**2)
17 ;var17; undefined
18 ;var18; undefined
19 ;var19; undefined
20 ;var20; undefined
21 ;var21; undefined
22 ;var22; undefined
23 ;var23; undefined
24 ;var24; undefined
25 ;var25; undefined
26 ;var26; undefined
27 ;var27; undefined
28 ;var28; undefined
29 ;var29; undefined
30 ;var30; undefined
31 ;var31; undefined
32 ;var32; undefined
33 ;var33; undefined
34 ;var34; undefined
35 ;var35; undefined
36 ;var36; undefined
37 ;var37; undefined
38 ;var38; undefined
39 ;var39; undefined
40 ;var40; undefined
41 ;var41; undefined
42 ;var42; undefined
43 ;var43; undefined
44 ;var44; undefined
45 ;var45; undefined
46 ;var46; undefined
47 ;var47; undefined
48 ;var48; undefined
49 ;var49; undefined
50 ;var50; undefined
51 ;var51; undefined
52 ;var52; undefined
53 ;var53; undefined
54 ;var54; undefined
55 ;var55; undefined
56 ;var56; undefined
57 ;var57; undefined
58 ;var58; undefined
59 ;var59; undefined
60 ;var60; undefined
61 ;var61; undefined
62 ;var62; undefined
63 ;var63; undefined
64 ;var64; undefined
65 ;var65; undefined
66 ;var66; undefined
67 ;var67; undefined
68 ;var68; undefined
69 ;var69; undefined
70 ;var70; undefined
71 ;var71; undefined
72 ;var72; undefined
73 ;var73; undefined
74 ;var74; undefined
75 ;var75; undefined
76 ;var76; undefined
77 ;var77; undefined
78 ;var78; undefined
79 ;var79; undefined
80 ;var80; undefined
81 ;var81; undefined
82 ;var82; undefined
83 ;var83; undefined
84 ;var84; undefined
85 ;var85; undefined
86 ;var86; undefined
87 ;var87; undefined
88 ;var88; undefined
89 ;var89; undefined
90 ;var90; undefined
91 ;var91; undefined
92 ;var92; undefined
93 ;var93; undefined
94 ;var94; undefined
95 ;var95; undefined
96 ;var96; undefined
97 ;var97; undefined
98 ;var98; undefined
99 ;var99; undefined
100 ;var100; undefined
101 ;var101; undefined
102 ;var102; undefined
103 ;var103; undefined
104 ;var104; undefined
105 ;var105; undefined
106 ;var106; undefined
107 ;var107; undefined
108 ;var108; undefined
109 ;var109; undefined
110 ;var110; undefined
111 ;var111; undefined
112 ;var112; undefined
113 ;var113; undefined
114 ;var114; undefined
115 ;var115; undefined
116 ;var116; undefined
117 ;var117; undefined
118 ;var118; undefined
119 ;var119; undefined
120 ;var120; undefined
121 ;var121; undefined
122 ;var122; undefined
123 ;var123; undefined
124 ;var124; undefined
125 ;var125; undefined
126 ;var126; undefined
127 ;var127; undefined
128 ;var128; undefined
129 ;var129; undefined
  130 ;   RR10  ;   probability of total precipitation > 10mm         %
  131 ;   RR20  ;   probability of total precipitation > 20mm         %
  132 ;   RR25  ;   probability of total precipitation > 25mm         %
  133 ;   RR30  ;   probability of total precipitation > 30mm         %
  134 ;   RR40  ;   probability of total precipitation > 40mm         %
  135 ;   RR50  ;   probability of total precipitation > 50mm         %
  136 ;   RR60  ;   probability of total precipitation > 60mm         %
  137 ;   RR70  ;   probability of total precipitation > 70mm         %
  138 ;   RR80  ;   probability of total precipitation > 80mm         %
  139 ;   RR90  ;   probability of total precipitation > 90mm         %
  140 ;   RR100 ;   probability of total precipitation > 100mm         %
  141 ;   FF10  ;   probability of maximum wind speed > 10m/s         %
  142 ;   FF15  ;   probability of maximum wind speed > 15m/s         %
  143 ;   FF20  ;   probability of maximum wind speed > 20m/s         %
  144 ;   FF25  ;   probability of maximum wind speed > 25m/s         %
145 ;var145; undefined
146 ;var146; undefined
147 ;var147; undefined
148 ;var148; undefined
149 ;var149; undefined
150 ;var150; undefined
  151 ;   SNOW1  ;   probability of accumulated snow > 1cm           %
  152 ;   SNOW5  ;   probability of accumulated snow > 5cm           %
  153 ;   SNOW10 ;   probability of accumulated snow > 10cm           %
  154 ;   SNOW15 ;   probability of accumulated snow > 15cm           %
  155 ;   SNOW20 ;   probability of accumulated snow > 20cm           %
  156 ;   SNOW25 ;   probability of accumulated snow > 25cm           %
157 ;var157; undefined
158 ;var158; undefined
159 ;var159; undefined
160 ;var160; undefined
  161 ;   GUST10 ;   probability of maximum wind gust speed > 10m/s       %
  162 ;   GUST14 ;   probability of maximum wind gust speed > 14m/s       %
  163 ;   GUST15 ;   probability of maximum wind gust speed > 15m/s       %
  164 ;   GUST18 ;   probability of maximum wind gust speed > 18m/s       %
  165 ;   GUST20 ;   probability of maximum wind gust speed > 20m/s       %
  166 ;   GUST25 ;   probability of maximum wind gust speed > 25m/s       %
  167 ;   GUST29 ;   probability of maximum wind gust speed > 29m/s       %
  168 ;   GUST33 ;   probability of maximum wind gust speed > 33m/s       %
  169 ;   GUST39 ;   probability of maximum wind gust speed > 39m/s       %
170 ;var170; undefined
  171 ;   TT <-10 ;   probability of temperature < -10 degrees Celsius      %
  172 ;   TT < 0  ;   probability of temperature < 0 degrees Celsius       %
173 ;var173; undefined
174 ;var174; undefined
  175 ;   TT > 25 ;   probability of temperature > 25 degrees Celsius      %
  176 ;   TT > 30 ;   probability of temperature > 30 degrees Celsius      %
  177 ;   TT > 35 ;   probability of temperature > 35 degrees Celsius      %
178 ;var178; undefined
179 ;var179; undefined
180 ;var180; undefined
181 ;var181; undefined
182 ;var182; undefined
183 ;var183; undefined
184 ;var184; undefined
185 ;var185; undefined
186 ;var186; undefined
187 ;var187; undefined
188 ;var188; undefined
189 ;var189; undefined
190 ;var190; undefined
191 ;var191; undefined
192 ;var192; undefined
193 ;var193; undefined
194 ;var194; undefined
195 ;var195; undefined
196 ;var196; undefined
197 ;var197; undefined
198 ;var198; undefined
199 ;var199; undefined
200 ;var200; undefined
201 ;var201; undefined
202 ;var202; undefined
203 ;var203; undefined
204 ;var204; undefined
205 ;var205; undefined
206 ;var206; undefined
207 ;var207; undefined
208 ;var208; undefined
209 ;var209; undefined
210 ;var210; undefined
211 ;var211; undefined
212 ;var212; undefined
213 ;var213; undefined
214 ;var214; undefined
215 ;var215; undefined
216 ;var216; undefined
217 ;var217; undefined
218 ;var218; undefined
219 ;var219; undefined
220 ;var220; undefined
221 ;var221; undefined
222 ;var222; undefined
223 ;var223; undefined
224 ;var224; undefined
225 ;var225; undefined
226 ;var226; undefined
227 ;var227; undefined
228 ;var228; undefined
229 ;var229; undefined
230 ;var230; undefined
231 ;var231; undefined
232 ;var232; undefined
233 ;var233; undefined
234 ;var234; undefined
235 ;var235; undefined
236 ;var236; undefined
237 ;var237; undefined
238 ;var238; undefined
239 ;var239; undefined
240 ;var240; undefined
241 ;var241; undefined
242 ;var242; undefined
243 ;var243; undefined
244 ;var244; undefined
245 ;var245; undefined
246 ;var246; undefined
247 ;var247; undefined
248 ;var248; undefined
249 ;var249; undefined
250 ;var250; undefined
251 ;var251; undefined
252 ;var252; undefined
253 ;var253; undefined
254 ;var254; undefined
255 ;var255; undefined 
